recommendationid,voted_up,playtime_h,content,sentiment,categories,main_points,mobile_impl,mobile_reason
225668279,1,48.1,음식이 귀엽고 팰들이 맛있어요.,긍정,게임플레이|콘텐츠분량|창의성,귀여운 음식 디자인|팰들의 매력|다양한 콘텐츠,모바일적합,귀여운 그래픽과 간단한 조작 가능
225575454,1,114.7,6/10 탐험 수집 제작 3요소가  서로를 요구하는 구성이  탄탄하다고 볼수는 없지만 끈끈한편,긍정,게임플레이|콘텐츠분량|창의성,탐험과 수집 요소가 흥미|제작 시스템이 매력적|전반적인 재미가 있음,모바일적합,탐험과 수집은 모바일에서 잘 구현 가능
225570209,1,216.2,교배아저씨 출격.,긍정,게임플레이|콘텐츠분량|창의성,유머러스한 요소|다양한 콘텐츠|창의적인 게임 시스템,모바일적합,간단한 조작으로도 즐길 수 있어 적합
225437804,1,1183.4,일단 구매 해서 플레이 가자,긍정,게임플레이,재미있는 게임|시간 투자 가치|구매 추천,모바일적합,간단한 조작으로 모바일에서도 즐길 수 있음
225424754,1,203.4,200시간동안 잘놀다가요 이제는 지웠지만...,긍정,게임플레이|콘텐츠분량|멀티플레이,오랜 시간 즐길 수 있음|다양한 콘텐츠 제공|재미있는 멀티플레이,모바일적합,모바일에서도 긴 플레이타임 가능
225395569,1,609.0,내 인생 최고의 게임. 평생 못 잊을 추억을 많이 만들어준 고마운 내 친구.,긍정,게임플레이|콘텐츠분량|멀티플레이,인생 최고의 게임|추억을 많이 만들어줌|친구와의 즐거운 경험,모바일적합,친구와 함께 즐길 수 있는 요소가 많음
225377688,1,1366.3,여러가지를 섞었다 보통 우웩하기 마련인데 어..? 의외로 맛있다..?,긍정,게임플레이|창의성,다양한 요소의 조화|예상 외의 재미,모바일적합,다양한 콘텐츠를 모바일로 쉽게 즐길 수 있음
225376905,1,92.7,집안일 담당과 바깥일 담당이 있다면 능률이 올라갑니다,긍정,게임플레이|콘텐츠분량,효율적인 역할 분담|다양한 플레이 스타일,모바일적합,역할 분담 시스템이 모바일에 적합함
225322221,1,473.0,매우 재밌습니다.,긍정,게임플레이,재미있는 게임성|높은 플레이타임,모바일적합,재미 요소를 모바일에서도 유지 가능
225314254,1,460.3,"처음에 이 게임을 했을 때 오픈월드에 거점도 짓고, 탐험하고, 팰도 잡고, 캐릭터가 직접 총쏘고 싸우고 '이것저것 마구잡이로 짬뽕한 포켓몬 짝퉁 게임 아니야?' 했었는데 꽤나 완성도가 높았다  하지만 단순히 포켓몬을 좋아하는 걸로 이 게임을 입문해서 무조건 재미를 느끼기는 애매하고 (의외로 비슷한 듯 다르다. 지금 팰이 쓸 스킬을 내가 정하는 것도 아니라 멋대로 스킬을 난사하고, 턴제도 아니고, 딱 정해진 스토리 라인도 없으니까)  진정한 재미는 나처럼 목표 정하고, 효율 따지는 사람이 가장 재밌게 즐길 수 있다고 본다 팰 종류별로 다 잡아봐야지, 일 잘하는 팰들로만 거점에 배치해야지, 교배해서 최강의 팰을 만들어야지 같은 목표들. 사실 진짜 재밌던 건 후반에 최강 팰, 일 잘하는 팰 만든다고 교배, 영혼, 스킬작 할 때가 제일 재밌었다  그러다보니 시간이 순식간에 지나버렸는데 나처럼 목표 정하고 게임하는 스타일이라면 정말 할만하다",긍정,게임플레이|콘텐츠분량|포켓몬유사성,오픈월드 탐험의 재미|목표 설정의 중요성|후반 교배와 스킬작 재미,모바일적합,목표 기반 플레이가 모바일에서도 잘 구현 가능
225270730,1,87.2,배비뇽정도면 가능 아닌가?,긍정,게임플레이|포켓몬유사성,재미있는 게임플레이|포켓몬과 유사한 요소,모바일적합,간단한 조작으로 모바일에서도 즐길 수 있음
225268078,1,26.5,혜안님 유튜브 보고 시작했는데... 와 그냥 사고 라면 먹는 게 나아요.  진짜 시간 빨리 가고 너무 재밌어요. 귀여운 거나 멋있는 거 좋아하시는 분들 강추  그냥 사보고 생각하세요. 진짜 말도 안 됨,긍정,게임플레이|콘텐츠분량|창의성,재미있는 게임성|귀여운 캐릭터|시간 가는 줄 모름,모바일적합,간편한 조작으로 모바일에서도 즐길 수 있음
225255698,1,404.3,잠이 아까울 만큼 진자 재미있음,긍정,게임플레이|콘텐츠분량|창의성,재미있는 게임플레이|풍부한 콘텐츠|창의적인 요소,모바일적합,재미 요소를 모바일에서도 잘 살릴 수 있음
225182200,1,12.2,그냥 닥치고 사고 존나하셈 친구랑 하셈,긍정,멀티플레이|게임플레이,친구와 함께 즐길 수 있음|재미있는 게임플레이,모바일적합,친구와의 협동이 모바일에서도 가능함
225172378,1,1026.9,닌빠가 짖어도 띵작은 띵작.   근데 400시간정도 지나면 할거 끝남.  GOAT,긍정,게임플레이|콘텐츠분량|창의성,재미있는 게임플레이|콘텐츠 소모 속도|독창적인 요소,모바일적합,모바일에서도 즐길 수 있는 요소 많음
225105199,1,332.0,오랜만에 푹먹한 게임,긍정,게임플레이|콘텐츠분량,오랜만에 즐거운 게임|시간을 잊게 만드는 재미,모바일적합,몰입감 있는 게임플레이가 모바일에서도 가능
224882025,1,139.9,goat game,긍정,게임플레이|창의성,재미있는 게임플레이|창의적인 요소,모바일적합,간단한 조작으로 모바일에서도 즐길 수 있음
224855853,1,273.7,취향에 맞아서 재미있게함,긍정,게임플레이|콘텐츠분량,취향에 맞는 재미|오랜 플레이타임,모바일적합,재미 요소를 모바일에서도 구현 가능
224812378,1,42.5,슈퍼레전드523개재밌음,긍정,게임플레이|콘텐츠분량,재미있는 게임성|다양한 콘텐츠,모바일적합,재미 요소가 모바일에서도 잘 전달됨
224766155,1,648.0,너무 어려워서 뭘 해야할지 모르겠음,부정,게임플레이|UI·UX|기타,게임 난이도 너무 높음|목표 설정이 어려움|조작이 불편함,모바일에서개선가능,난이도 조정 및 튜토리얼 필요
224765119,1,3.8,친구가 없어서 혼자해요,중립,멀티플레이|게임플레이,혼자서 플레이하는 어려움|친구와의 협동 필요,모바일에서개선가능,혼자서도 즐길 수 있는 요소 필요
224744133,1,1.9,얘네 자기 일 열심히하는거 개터짐시발,긍정,게임플레이|창의성,재미있는 게임플레이|창의적인 요소,모바일적합,재미 요소를 모바일에서도 잘 살릴 수 있음
224738129,1,13.7,아가들이 귀여움,긍정,게임플레이|기타,귀여운 캐릭터 디자인,모바일적합,귀여운 요소는 모바일에서 매력적임
224685126,0,84.5,크래쉬 버그 해결 해줘,부정,버그·최적화,크래쉬 문제 발생|버그 수정 필요,모바일에서개선가능,버그 수정으로 안정성 향상 가능
224667993,1,24.9,시간 개빨리가요,긍정,게임플레이|기타,빠른 시간 소모|재미있는 게임성,모바일적합,빠른 플레이가 모바일에 적합함
224665502,1,106.4,개 재밌게함 다음 대형 패치 언제나오려나..,긍정,게임플레이|콘텐츠분량|그래픽,재미있는 게임성|대형 패치 기대|오랜 플레이타임,모바일적합,재미있는 요소를 모바일에서도 구현 가능
224649927,1,6.7,게임프리크는 왜 이런거 안만들어주냐,긍정,게임플레이|포켓몬유사성|창의성,재미있는 게임플레이|포켓몬과 유사한 요소|창의적인 디자인,모바일적합,간단한 조작으로 모바일에서도 즐길 수 있음
224649829,0,17.2,dlrj gkekrk shangusdl dnswlgka,부정,버그·최적화,게임이 원활하지 않음|버그가 많음|플레이 경험 저하,모바일부적합,버그와 최적화 문제로 모바일에서 어려움
224580464,1,40.8,이건 진짜 goAT게임임 시간이 그냥 살살녹음,긍정,게임플레이|콘텐츠분량|창의성,재미있는 게임플레이|시간 가는 줄 모름|창의적인 요소 많음,모바일적합,재미 요소가 모바일에서도 잘 구현 가능
224566035,1,13.1,ㅇ먀9ㅕ뇨ㅜㅇ며폰ㅁ우ㅗㅁ퍄,중립,기타,리뷰 내용 불명확|플레이타임 짧음,무관,리뷰 내용이 부족하여 판단 불가
224528871,1,740.9,"매년 3번 이상은 무조건 끝렙까지 돌리는 게임 ㅋ 그만큼 중독성 개쩜,,,, 오늘도 잠은 글렀다 ㅋ",긍정,게임플레이|콘텐츠분량|창의성,중독성 강한 게임성|높은 플레이타임|다양한 콘텐츠,모바일적합,중독성 있는 게임성은 모바일에 적합
224488754,1,232.3,easy game,긍정,게임플레이,쉬운 게임 플레이|재미있는 요소|오랜 플레이타임,모바일적합,간단한 조작으로 모바일에서도 즐길 수 있음
224421658,1,68.2,할게많아서 시간순삭,긍정,게임플레이|콘텐츠분량|창의성,다양한 활동으로 시간 소모|재미있는 게임플레이|창의적인 요소 많음,모바일적합,모바일에서도 다양한 활동 가능
224413590,1,110.1,"혼자 해도 나쁘진 않지만, 이 게임은 확실히 같이 하는 사람들이랑 텐션 맞춰서 오래 끌고 가야 진짜 재미가 살아나는 타입이다. 초반에는 신선함도 있고 할 것도 많아서 재밌게 달릴 수 있었는데 중간부터는 같이 호흡 맞춰서 목표 잡고 진행해야 재미가 유지된다.  문제는 같이 하던 사람들이 중간에 하나둘 빠지면 흐름이 확 끊긴다는 점. 콘텐츠 자체가 나쁜 건 아닌데, 같이 하던 멤버들 빠지니까 동기부여도 같이 사라지는 느낌이다. 그래서 취향 맞는 사람들이랑 꾸준히 플레이할 수 있는 환경이면 충분히 추천할 만한 게임이고, 반대로 가볍게 찍먹하거나 오래 같이 할 사람 없으면 재미가 반감될 수 있다.  결론적으로, 게임 자체는 잘 만들었고 나도 충분히 재밌게 했지만, 역시 멀티 지향게임이라  ‘누구랑 하느냐’가 재미의 절반 이상을 차지하는 게임이다.",긍정,멀티플레이|게임플레이|콘텐츠분량,혼자보단 멀티가 재미|초반 신선함|동기부여가 중요,모바일적합,친구와 함께하는 멀티플레이에 적합
224384457,1,67.9,업뎃 좋고 최적화 좋음,긍정,버그·최적화|게임플레이,업데이트 품질이 좋음|최적화가 잘 되어 있음,모바일적합,최적화가 잘 되어 있어 모바일에서도 가능
224354498,1,122.9,게임이 재밌어요 근데 이제 공부해야 돼서 지울게요,긍정,게임플레이|콘텐츠분량,재미있는 게임|플레이타임 길다,모바일적합,재미 요소를 모바일에서도 유지 가능
224291289,1,62.7,내 인생 게임. 동기화만 잘 되면 진짜 갓게임인데 자꾸 레벨1부터 하거나 열심히한게사라져서 조금 아쉬움....  그래도 재밌어서 다시 처음부터 계속 하는중 ... 만렙 찍어보고싶다.,긍정,게임플레이|버그·최적화|콘텐츠분량,동기화 문제 아쉬움|재미있는 게임성|만렙 도전 의욕,모바일에서개선가능,동기화 문제 해결 시 유저 만족도 증가
224271710,1,53.4,나중되면 시설만드는데 너무복잡해짐 너무많은 시설,부정,게임플레이|UI·UX|콘텐츠분량,시설 복잡성 증가|많은 시설 종류|게임 진행의 어려움,모바일에서개선가능,UI 개선으로 복잡함 해소 가능
224267651,1,175.0,"재밌는데 팰농축 , 특성작 고문 때문에 하다가 포기함",부정,게임플레이|콘텐츠분량|UI·UX,재미있지만 고문 요소|특성작이 어려움|농축 요소 불만,모바일에서개선가능,UI 개선과 난이도 조정 필요
224253341,1,6.5,팰월드 다운로드는 했는데 같이 할 친구가 없다보니 얼마 못했다 같이할 친구가 생길까?.. 혼자서는 심심하다,부정,멀티플레이|게임플레이,혼자서 플레이가 지루함|친구와의 협동 필요,모바일에서개선가능,친구 찾기 기능 추가 필요
224210725,1,114.2,"시간가는줄 모름,,,오랜만에 집중해서 하는 게임이네요",긍정,게임플레이|콘텐츠분량|창의성,몰입감 있는 게임|오랜 플레이타임|창의적인 요소,모바일적합,몰입감 있는 게임은 모바일에서도 잘 작동
224207399,1,16.5,너무 재밌어여 헤헤,긍정,게임플레이,재미있는 게임성|간단한 조작|귀여운 캐릭터,모바일적합,간단한 조작으로 모바일에서도 즐길 수 있음
224196139,1,156.5,오랜만에 들어와서 했는데 너무 재밌어서 하루에 8시간씩 해버리는 최악의 상황까지 나왔습니다.. 살려주십쇼,긍정,게임플레이|콘텐츠분량|창의성,재미있는 게임플레이|오랜 플레이타임|창의적인 요소,모바일적합,재미 요소를 모바일에서도 잘 살릴 수 있음
224189587,1,55.5,인간의 잔인함을 보았습니다,부정,게임플레이|스토리|창의성,인간의 잔인함 표현|게임의 어두운 테마|창의적인 요소 부족,모바일부적합,어두운 테마가 모바일에 적합하지 않음
224111353,1,6.4,"일단 팰들이 귀엽고,대체적으로 재밌습니다.",긍정,게임플레이|그래픽|포켓몬유사성,귀여운 팰들|재미있는 게임성|다양한 콘텐츠,모바일적합,귀여운 캐릭터와 간단한 조작 가능
224048575,1,140.8,오랜만에 먹는 갓겜의 맛,긍정,게임플레이|콘텐츠분량|창의성,재미있는 게임플레이|풍부한 콘텐츠|창의적인 요소,모바일적합,모바일에서도 즐길 수 있는 재미 요소
224046086,1,194.2,"굉장히 창의적이고 개성적이며, 매우 쉽게 설정한다 해도 어려운 점이 있어 적당한 만족도의 게임입니다",긍정,게임플레이|창의성|콘텐츠분량,창의적이고 개성적|적당한 난이도|만족도 높은 게임,모바일적합,간단한 조작으로 모바일에서도 즐길 수 있음
224041339,1,196.4,포켓몬스터 표절 게임이라던지 뭐라던지 모르겠지만 갓겜 맞음 먼가 먼가 아크 서바이벌 같아서 갓겜이라고 평가하겠습니다 예,긍정,게임플레이|포켓몬유사성|창의성,재미있는 게임플레이|포켓몬 유사성 언급|아크 서바이벌 느낌,모바일적합,모바일에서도 즐길 수 있는 요소 많음
223996670,1,108.5,재밌는 데 진욱이가 자꾸 꼬꼬닭 너무 많이 모은다고 뭐라해요. 내 애착 꼬꼬닭인데;;;,긍정,게임플레이|콘텐츠분량|포켓몬유사성,재미있는 게임성|애착 요소 강조|다양한 콘텐츠,모바일적합,간편한 조작으로 모바일에서도 즐길 수 있음
223987575,1,49.9,설치가 조낸 오래걸리지만 깔고나면 재밌음ㅇㅇ,긍정,게임플레이|버그·최적화|기타,설치 시간이 길다|재미있는 게임성|전반적으로 만족,모바일에서개선가능,설치 최적화로 접근성 향상 가능
223985952,1,107.3,노가다인들이 좋아할만한 게임임,긍정,게임플레이|콘텐츠분량|창의성,노가다 요소가 매력적|다양한 콘텐츠 제공|창의적인 게임 디자인,모바일적합,노가다 요소는 모바일에서도 잘 구현 가능
223983617,1,4.5,공간 차지랑 고사양 컴터만 되느ㅜㄴ거 줫같네; 처음에 3만원으로 샀는데 사양안되서 개 고물 방치를 @ㅔㅁ창,부정,버그·최적화|가격,고사양 요구|가격 불만,모바일부적합,고사양 요구로 모바일에서 구현 어려움
223972539,1,307.6,오랜 시간 플레이해도 즐길거리가 있는 좋은 게임,긍정,게임플레이|콘텐츠분량,오랜 플레이에도 즐길거리|다양한 콘텐츠 제공,모바일적합,모바일에서도 긴 플레이타임 가능
223948341,1,140.1,개재밌다!!!!!,긍정,게임플레이,재미있는 게임|오랜 플레이타임,모바일적합,간단한 조작으로 모바일에서도 즐길 수 있음
223888826,1,418.0,초반에 나왔을때 200시간 정도 최근 업데이트 하고 다시 들어와서 한게 200시간  돈 안아까움 오히려 돈더주고 해도 될만한 게임 :),긍정,게임플레이|가격|콘텐츠분량,재미있는 게임플레이|가성비 좋은 가격|풍부한 콘텐츠,모바일적합,모바일에서도 충분히 즐길 수 있는 게임
223867978,1,87.3,나만 지금까지 팔월드라고 읽음?,중립,기타,발음에 대한 유머|개인적인 경험 공유,무관,리뷰 내용이 게임성과 무관함
223843661,1,71.9,여자친구랑 같이해야 진정 재밌읍니다.,긍정,멀티플레이|게임플레이,친구와의 협동이 중요|재미있는 멀티플레이 경험,모바일적합,친구와 함께하는 플레이가 핵심
223843100,1,61.9,이거 왜 계속 하고있지 할게 넘 많네,긍정,게임플레이|콘텐츠분량|창의성,재미있는 게임플레이|다양한 콘텐츠|창의적인 요소,모바일적합,다양한 콘텐츠는 모바일에서도 매력적임
223824391,1,53.5,포켓몬 좋아하거나 오픈월드 좋아하면 개재밌음 멀티도 되고 친구랑 레이드하는 게 제일 재밌음,긍정,게임플레이|멀티플레이|포켓몬유사성,오픈월드 재미|친구와 멀티플레이|포켓몬 요소,모바일적합,멀티플레이와 오픈월드가 매력적임
223689546,1,39.8,이거 진짜 재밌음 진짜 강추,긍정,게임플레이|창의성,재미있는 게임플레이|창의적인 요소,모바일적합,간단한 조작으로 모바일에서도 즐길 수 있음
223614175,1,122.4,Nice game,긍정,게임플레이,재미있는 게임|플레이타임 길다|전반적으로 만족,모바일적합,간단한 조작으로 모바일에서도 즐길 수 있음
223610098,1,36.4,재밌어요.. 가족끼리 하기에도 아주 좋아요,긍정,멀티플레이|게임플레이|기타,가족과 함께 즐길 수 있음|재미있는 게임플레이|친근한 분위기,모바일적합,가족 단위 플레이에 적합한 게임성
223606544,1,110.8,"포켓몬 짭이네 뭐네 해도 이 게임의 게임성은 포켓몬 따위가 넘볼 것이 아니다.  더 좋은 펠을 잡기위해, 더 좋은 장비를 만드려면 더 좋은 생활펠을 구해야되는 지루 할 수 있는 반복 안에서  광활한 맵을 탐험하면서, 수많은 펠을 만나고 잡아보고 성장하고 써보고, 약 110시간 플레이하면서 너무 즐거웠다. 정식출시 나오면 새로운 마음으로 처음부터 친구들과 같이 할 생각에 기쁘다.  보고배워야한다 ip만 믿고 2000년대 그래픽으로 신작 출시하는 멍청이들 보다 팰월드 응원합니다 정식출시 화이팅!",긍정,게임플레이|콘텐츠분량|포켓몬유사성,광활한 맵 탐험|펠 성장 시스템|친구와의 협동,모바일적합,탐험과 성장 요소가 모바일에 적합함
223592811,1,45.1,좋아요!!재밌습니다!!,긍정,게임플레이,재미있는 게임|플레이타임 길다,모바일적합,간단한 조작으로 모바일에서도 즐길 수 있음
223584116,1,138.2,"난 포켓몬 팬이고 처음엔 포켓몬 디자인을 짜집기한 듯한 팰의 디자인에 별 호감을 안 보였었다. 하지만 결국 사람을 굴복시키는 것은 윤리와 도덕, 팬심을 앞서간 극도의 재미와 쾌감이다. 이쯤되니 포켓몬 게임성이나 그래픽 깔아뭉개고 8만원 가까이 팔아먹는 겜프릭보다 재미있고 가성비 있고 꼴릿한 팰도 많은 팰월드를 한 번 해보는 것이 더 혜자이다.",긍정,게임플레이|가격|포켓몬유사성,재미와 쾌감이 뛰어남|가성비가 좋음|포켓몬 디자인 유사,모바일적합,재미 요소를 모바일에서도 잘 살릴 수 있음
223582194,1,81.8,상슐랭 4.5/5  어드벤쳐 좋아하고 빌딩 좋아하고 수집 좋아하는 저에게 너무 좋은 게임이었어요  포켓몬을 굉장히 좋아하는 사람으로서 이 게임에 대한 애정도 높았습니다.  특히 키우던 팰을 쉽게 바꾸고 다른 팰로 갈아탈 수 있는게 아주 마음에 들었어요.  그리고 난이도 조절 기능도 싱글게임의 장점으로 느껴졌네요. (포켓몬엔 그런게 없거든요)  시간 가는 줄 모르고 했습니다. 너무 재밌었습니다.,긍정,게임플레이|콘텐츠분량|포켓몬유사성,어드벤쳐와 빌딩의 조화|난이도 조절 기능|팰 교체의 자유로움,모바일적합,모바일에서도 즐길 수 있는 요소가 많음
223546877,1,36.0,본격 로켓단 시뮬레이터.,긍정,게임플레이|창의성|콘텐츠분량,로켓단 시뮬레이터 재미|다양한 콘텐츠 제공|창의적인 게임 요소,모바일적합,모바일에서도 직관적인 조작 가능
223504737,1,64.1,넌 3만원 값한다 인정 :3,긍정,가격|게임플레이,가성비가 뛰어남|재미있는 게임플레이,모바일적합,간단한 조작으로 모바일에서도 즐길 수 있음
223427284,1,46.3,내 시간 어디감,부정,게임플레이|버그·최적화,시간 소모가 심함|게임 진행이 불만족,모바일부적합,플레이타임 관리가 어려울 것으로 예상
223422612,1,140.4,언제 정식출시하나용?.? 겜은 잼써요 중독성 오짐,긍정,게임플레이|콘텐츠분량|창의성,중독성 있는 게임성|정식 출시 기대|다양한 콘텐츠,모바일적합,중독성 있는 요소가 모바일에서도 잘 작동할 것
223413551,1,272.2,역쉬나 팰월드 잼남,긍정,게임플레이|콘텐츠분량|창의성,재미있는 게임성|풍부한 콘텐츠|창의적인 요소,모바일적합,재미 요소를 모바일에서도 잘 살릴 수 있음
223388999,1,40.9,솔플로 하면 과연 재미있었을까.,중립,게임플레이|멀티플레이|콘텐츠분량,솔로 플레이에 대한 의문|멀티플레이의 재미|콘텐츠의 다양성,모바일에서개선가능,솔로 플레이 요소를 강화할 필요가 있음
223382056,1,116.6,재밌는데 너무 국밥하면 노잼인 게임 십노가다 질려서 접음 그래도 재밌음,긍정,게임플레이|콘텐츠분량|창의성,재미있지만 반복적|노가다 요소 지루함|창의적인 게임 요소,모바일에서개선가능,반복적 요소를 줄이면 모바일 적합
223294350,1,189.3,이 게임 뭐임 내 시간 어디감 ㄷㄷ,긍정,게임플레이|콘텐츠분량|창의성,시간을 잊게 만드는 재미|다양한 콘텐츠 제공|창의적인 게임 요소,모바일적합,모바일에서도 몰입감 유지 가능
223281283,1,250.7,정말 힐링되고 재밌어요,긍정,게임플레이|힐링|콘텐츠분량,힐링 요소가 뛰어남|재미있는 게임플레이|풍부한 콘텐츠,모바일적합,간단한 조작으로 모바일에서도 즐길 수 있음
223221020,1,86.7,외노자 포켓몬들을 고용해 설립한 블랙기업. 일 잘하는지 아닌지 총들고 감시하러다님;;,부정,게임플레이|콘텐츠분량|창의성,외노자 포켓몬 고용|블랙기업 설정|감시 요소,모바일적합,독특한 설정과 게임플레이가 매력적
223210567,1,68.0,솔직히 포켓몬 저작권때문에 망할 줄 알고 안쳐다봤는데 왜그랬나 싶었다. 재미있는데..,긍정,게임플레이|포켓몬유사성,재미있는 게임성|포켓몬 유사성 우려 해소,모바일적합,재미 요소를 모바일에서도 잘 살릴 수 있음
223181408,1,119.8,오래 할 사람 구함,긍정,게임플레이|멀티플레이|콘텐츠분량,오랜 플레이 시간|다양한 멀티플레이|풍부한 콘텐츠,모바일적합,모바일에서도 긴 플레이가 가능함
223179992,1,119.7,아크처럼 이동식 팰위에 기지 만들어줄수 있으면 다시 복귀합니다 흐흐 재미있게 잘했었던 기억이나서 추천!,긍정,게임플레이|콘텐츠분량|창의성,이동식 기지 건설 요청|재미있는 기억|추천 의사,모바일적합,기지 건설 요소는 모바일에서도 가능
223177327,1,62.4,중독성이 있습니다.,긍정,게임플레이|중독성|콘텐츠분량,중독성 있는 게임성|다양한 콘텐츠|재미있는 플레이,모바일적합,중독성 있는 요소는 모바일에서 잘 작동
223174718,1,81.7,그냥 ㅈㄴ 재밌음 시간 가는 줄 모르겟네,긍정,게임플레이|콘텐츠분량|창의성,재미있는 게임플레이|시간 가는 줄 모름|창의적인 요소 많음,모바일적합,재미 요소가 모바일에서도 잘 전달됨
223172523,1,96.0,살까 말까 할 시간에 사서 해보세요 후회 안합니다.,긍정,게임플레이|콘텐츠분량|가격,재미있는 게임 경험|가성비 좋은 선택|시간 투자 가치,모바일적합,간편한 조작으로 모바일에서도 즐길 수 있음
223158743,1,15.9,힐링 게임 도파민 디톡스 가능,긍정,게임플레이|힐링,힐링 요소가 강함|도파민 디톡스 가능|편안한 게임 경험,모바일적합,간편한 조작으로 힐링 효과 극대화 가능
223121963,1,205.8,경고: 절대 이게임을 끝까지 하지마시오. 중간에 적당히 도망치십시오. 팰금속주괴가보인다면 당신은 이미 늦었습니다.,부정,버그·최적화|게임플레이,게임 진행 중단 권장|버그 문제 심각,모바일부적합,버그와 최적화 문제로 모바일에서 힘듦
223115524,1,152.4,표절이지만 알빠노? 다른 게임들 다 가져와도 예만큼 재밌는걸 찾기가 힘든데?,긍정,게임플레이|창의성|포켓몬유사성,재미있는 게임성|표절에도 불구하고 재미|다양한 요소 결합,모바일적합,재미 요소를 모바일에서도 잘 살릴 수 있음
223083511,1,64.9,그냥 정말 재밌습니다.(추천),긍정,게임플레이,재미있는 게임 경험,모바일적합,간단한 조작으로 모바일에서도 즐길 수 있음
223031489,1,15.2,아크 포켓몬 버전 느낌,긍정,게임플레이|포켓몬유사성,아크 포켓몬 느낌|재미있는 게임플레이,모바일적합,간편한 조작으로 모바일에서 즐기기 좋음
223008285,1,90.7,시간가는줄모르는게임,긍정,게임플레이|콘텐츠분량,몰입감 있는 게임|시간 가는 줄 모름,모바일적합,짧은 플레이 세션에 적합함
223005484,1,44.3,화재가 된 만큼 꿀잼은 아니었다. 그저 그렇다,부정,게임플레이|콘텐츠분량,꿀잼은 아니었다|그저 그렇다,모바일부적합,게임의 재미가 부족하다고 평가됨
222994387,1,397.5,그냥 재밌음 다 귀여움,긍정,게임플레이|그래픽|창의성,재미있는 게임성|귀여운 캐릭터 디자인|창의적인 요소,모바일적합,귀여운 그래픽과 간단한 조작 가능
222950843,1,99.1,진짜 조나ㅏㅏㅏㅏㅏㅏㅏㅏㅏㅏㅏㅏㅏㅏㅏㅏㅏㅏㅏㅏㅏㅏㅏㅏㅏㅏㅏㅏㅏㅏㅏㅏㅏㅏㅏㅏㅏㅏㅏㅏㅏㅏㅏㅏㅏㅏㅏㅏㅏㅏㅏㅏㅏㅏㅏㅏㅏㅏㅏㅏㅏㅏㅏㅏㅏ재밌음,긍정,게임플레이|콘텐츠분량|창의성,재미있는 게임성|풍부한 콘텐츠|창의적인 요소,모바일적합,재미와 콘텐츠가 모바일에서도 잘 전달됨
222856063,1,2.5,"왜 재밌는지 모르겠고, 그냥 이런류의 게임을 좋아하는 사람들에게나 재밌는거 같다. 그린헬이나 서브노티카 발헤임 등등 특히 싫어하는건 게임내 세부옵션을 건드리는건데 예를들어 생산을 빠르게 한다거나 줄인다거나 여튼 내가 마치 모드를 설치한것처럼 조절하면 무슨재미가 있나? 물론 그냥해도 되는데 내가 답답하거나 막히면 그 부분을 조작하고 싶어져서 없느니만 나에겐 못하다. 추천을 주는 이유는 나한테 안맞다고 당신에게 안맞지는 않을것이기 때문이다.",긍정,게임플레이|기타,개인 취향에 따라 다름|세부옵션 조정 불만|추천 이유는 다양성,모바일에서개선가능,세부 조정 기능을 추가하면 좋음
222799144,1,68.7,아 시험봐야하는데 조졌네 진짜...,부정,게임플레이|버그·최적화,시험 준비에 방해|게임의 몰입도,모바일부적합,시험과 같은 집중이 필요한 상황에서 부적합
222718621,1,20.0,시간 ㄹㅈㄷ 순삭입니다 진짜,긍정,게임플레이|콘텐츠분량|창의성,시간이 빨리 간다|재미있는 게임플레이|창의적인 요소가 많다,모바일적합,빠른 플레이와 재미가 모바일에 잘 맞음
222717152,1,157.9,친구들과 하면 재밌음,긍정,멀티플레이|게임플레이,친구와 함께하는 재미|협동 요소 강조,모바일적합,친구와의 협동 플레이가 매력적임
222705785,1,214.8,팰 분쇄기는 정말 꿈만 같은 기술이에요!,긍정,게임플레이|창의성,꿈같은 기술|창의적인 게임플레이,모바일적합,모바일에서도 창의적 요소를 살릴 수 있음
222699583,1,346.4,너무 너무 재미있는 게임  할 만한 것 도 많고 전설 팰을 목표로 막 열심히 굴린 게임. 건설 자유도가 있긴 하지만 유튜브를 봐야하는 정도. 정식 서비스가 기대되는 게임입니다. 정식때는 영역크기가 커져서 좀 크게 만들고 싶은데 추가 해주세요!,긍정,게임플레이|콘텐츠분량|창의성,재미있는 게임|건설 자유도|정식 서비스 기대,모바일적합,모바일에서도 충분히 즐길 수 있음
222695659,1,234.3,남녀노소 하기 좋고 중독성 좋아요,긍정,게임플레이|콘텐츠분량|창의성,남녀노소 즐길 수 있음|중독성 있는 게임성|다양한 콘텐츠 제공,모바일적합,간편한 조작으로 모바일에서도 즐길 수 있음
222675854,1,135.2,정식출시하면 해야지... 했는데 맛봐버렸다 너무ㅡ 재밋음,긍정,게임플레이|콘텐츠분량|창의성,재미있는 게임성|다양한 콘텐츠|창의적인 요소,모바일적합,재미있는 요소가 모바일에서도 잘 작동할 것
222663482,1,158.0,"솔직히, 그냥 갓겜이 맞음 생존 제작 장르의 게임들 중에서 이 정도의 UI, UX, 편의성을 챙겨준 게임이 없음 죄다 힙스터 병 걸려서 존나 불편한 시스템, 개쳐박은 최적화, 싸구려 UI를 고집하는데 이 게임은 그런게 없음  진짜 게이머가 만든 것 같음 게임임 본인이 해본 게임들 중에 재미있는 요소들을 잘 섞어서 만든듯한 느낌을 받았음 예술가도, 사업가도 아닌 게이머가 만든 게임이기에 재미있는 게임임",긍정,UI·UX|게임플레이|버그·최적화,우수한 UI/UX|재미있는 게임 요소|편리한 시스템,모바일적합,편의성이 높아 모바일에서도 잘 작동할 듯
222656022,1,44.2,전에 구매했다가 9시간하고 말았는데 최근에 플레이타임 23시간 찍음 오늘 24시간 찍어야지:),긍정,게임플레이|콘텐츠분량|멀티플레이,재미있는 게임플레이|플레이타임 증가|친구와 함께 즐길 수 있음,모바일적합,모바일에서도 즐길 수 있는 요소 많음
222637045,1,425.5,아주 재밌어요.,긍정,게임플레이,재미있는 게임성|오랜 플레이타임,모바일적합,간단한 조작으로 모바일에서도 즐길 수 있음
222509265,1,24.9,조항민 씨발련아 니가 하자매,부정,기타,불만족스러운 경험|비하 발언 포함,모바일부적합,부정적인 감정이 강해 이식 어려움
222467831,1,172.1,절대 하지마세요 중독성 지립니다. 롤 유저인데 팰월드 하고 롤을 못하고 있어요.. 그정도로 중독성이 강하다는겁니다. 저는 지금 백수라서 다행이지 직장인들이 이거 하면 퇴사할거 같은 게임이에요 함부로 하지 마세요,긍정,게임플레이|중독성|콘텐츠분량,중독성 강한 게임|플레이 시간 길어짐|롤과 비교할 정도,모바일적합,중독성과 재미를 모바일로도 제공 가능
222467797,1,185.7,진짜 개꿀잼 내 인생 망한듯.,긍정,게임플레이|콘텐츠분량|창의성,재미있는 게임성|풍부한 콘텐츠|창의적인 요소,모바일적합,재미있는 요소를 모바일에서도 잘 구현 가능
222454582,1,65.0,좋은 게임 감사합니다 😍,긍정,게임플레이,재미있는 게임|감사한 마음|플레이타임 길다,모바일적합,간단한 조작으로 모바일에서도 즐길 수 있음
222418940,1,22.3,"귀여운 팰 때리는 밀렵꾼 잡는 ""팰 밀렵꾼""",긍정,게임플레이|포켓몬유사성|창의성,귀여운 캐릭터 디자인|밀렵꾼과의 전투 재미|창의적인 게임 요소,모바일적합,간단한 조작으로 모바일에서도 즐길 수 있음
222367631,1,253.6,"다 괜찮은데, 정출 때 제발 건축 쪽 개선 좀 했으면 좋겠음. 천장 지붕이랑 계산 및 경사로가 진짜 사람 정신 나가게 함.",긍정,게임플레이|UI·UX|기타,건축 시스템 개선 필요|지붕 및 경사로 문제|전반적으로 괜찮은 게임,모바일에서개선가능,건축 UI 개선으로 모바일 최적화 가능
222338425,1,80.8,50시간까지는 진짜 잠까지 줄여가면서 했던게임 근데 한번 흐름 끊기니까 그때 이후론 다시 접속해도 재미가없더라 슬프다 진짜 재밋엇는데,부정,게임플레이|콘텐츠분량|기타,초반 몰입도 높음|재미 감소 문제|재접속 어려움,모바일에서개선가능,재미를 지속시키는 요소 필요
222322639,1,179.3,신안 염전 시뮬레이터,긍정,게임플레이|콘텐츠분량|창의성,신선한 게임 아이디어|다양한 콘텐츠|재미있는 플레이,모바일적합,모바일에서도 쉽게 즐길 수 있는 게임
222295321,1,202.6,팰들이 귀엽고 가죽도 벗길 수 있어요 훌륭합니다,긍정,게임플레이|콘텐츠분량|창의성,귀여운 캐릭터 디자인|가죽 벗기기 시스템|다양한 콘텐츠,모바일적합,간단한 조작으로 모바일에서도 즐길 수 있음
222272388,1,93.6,게임 불감증이라 몇 개를 새로 시작해도 팍 식어버리던 찰나.  할인 한다길래 별 기대 안하고 2시간 찍먹에 환불가야지 햇는데  ㅅㅂ 정신차리니까 10시간 지나갓네    게임 불감증이 아니라 재밋는겜을 못찾았던 거엿음 ㅈ댔다,긍정,게임플레이|가격|콘텐츠분량,재미있는 게임 발견|할인으로 접근성 높음|플레이 시간 길어짐,모바일적합,재미 요소가 모바일에서도 잘 작동할 듯
222230776,1,8.2,재밌는 게임을 다 짬뽕해놨는데 재미없을 수가 없지,긍정,게임플레이|창의성|콘텐츠분량,다양한 요소의 조화|재미있는 게임성|창의적인 아이디어,모바일적합,다양한 요소가 모바일에서도 매력적일 것
222214337,1,919.7,팰월드 붐은...온...!다...!,긍정,게임플레이|콘텐츠분량|창의성,게임의 재미가 뛰어남|콘텐츠가 풍부함|창의적인 요소가 많음,모바일적합,모바일에서도 충분히 즐길 수 있는 게임성
222192239,1,832.8,"저는 건설 오픈월드 생명체수집 생존 시뮬레이션  종류의 게임이라면 환장을 하는데 제가 좋아하는 요소들이 모두 있어서 저랑 비슷한 분들이라면 너무 재미있게하실듯 합니다  * 좋았던 점 - 귀여운 팰들을 잡을 수 있고 그 팰들이 집에서 일을 하거나 같이 모험을 즐길 수 있다. - 맵이 꽤 넓고, 지역마다 잡을 수 있는 팰과 보스타워를 깨야만 개방되는 레시피가 있어서 모험하는 맛이 있다. - 현재는 능력치를 올릴 수있는 응용학책이 있어서 선호하는 팰을 종결로 만들수 있다. - 거점을 꾸미는 요소가 많이 늘어나서 건설 재미가 늘었다.  지금은 할수있는 모든 컨텐츠를 다 즐겨서 할 게 없지만 신규 팰 나오면 또 신나게 할 예정입니다",긍정,게임플레이|콘텐츠분량|창의성,귀여운 팰 수집의 재미|넓은 맵과 탐험 요소|건설 요소의 다양성,모바일적합,모바일에서도 수집과 건설이 잘 어울림
222185950,1,267.6,시간도살자. 친구들이 많다면 이게임을 하기전에 고민해봐라. 인생이 망할수도있다,부정,멀티플레이|게임플레이|기타,시간 소모가 심각함|친구와의 플레이 권장|인생에 영향 줄 수 있음,모바일부적합,시간 소모가 큰 게임은 모바일에 부적합
222183396,1,182.1,"스토리는 딱히 없지만, 극강의 자유도를 추구하는 게임. 꾸미는 것과 싸우는 것 소유욕 등을 느끼며 하나하나씩 성장해나가는 rpg게임이다.",긍정,게임플레이|창의성|콘텐츠분량,극강의 자유도|성장 요소|꾸미기와 전투,모바일적합,자유도 높은 RPG는 모바일에 적합함
222174605,1,467.1,"하우징, FPS, 키우기 게임, 시뮬레이터 등등 여러 게임들이 섞여 있어 게임하는 맛이 있음.  가격 또한 할인 없을 때도 살만하고, 할인할 때 사면 이득  단점은 딱히 생각나는게 없는 듯 하다.",긍정,게임플레이|가격|콘텐츠분량,다양한 장르 혼합|가격 대비 가치|플레이 시간 길다,모바일적합,다양한 요소가 모바일에서도 매력적임
222169324,0,28.4,ui가 너무 불편했어요,부정,UI·UX,UI 불편함|사용자 경험 저하,모바일에서개선가능,모바일에서 UI 개선으로 사용자 경험 향상 가능
222146916,1,1093.0,"정말 재밌게 했는데 정출 되는 날에는 팰 관련 수집 시스템이나 트로피 시스템도 추가 해줬으면 좋겠음. 그래야 하우징 하는 맛도 있고 팰 잡는 맛도 있을 듯. 그리고 몇 몇 팰은 포획 조건 아이템을 추가해서 그 아이템 레시피를 드랍 시켜서 제조 시키는 방식으로 만들어도 재밌을 것 같음. 계속 업데이트 하겠지만 하늘 위 맵 그리고 바닷 속 맵도 추가시키고 카드 게임처럼 자신의 팰을 육성 시킬 때 기존의 공격,방어,체력이 아니라 전혀 다른 수치(시간과 정성이 들어갈 법한 수치)를 추가 시켜서 카드로 변환시켜서 온라인으로 다른 유저랑 겨루는 시스템도 나름 신박할 것 같음.",긍정,게임플레이|콘텐츠분량|창의성,수집 시스템 추가 요청|하우징 요소 필요|카드 게임 요소 제안,모바일적합,모바일에서도 수집과 육성이 가능함
222145302,1,68.4,친구랑 같이 하면 재밌음. 근데 시간이 날아감.,긍정,멀티플레이|게임플레이,친구와의 협동 재미|시간 소모가 큼,모바일적합,친구와의 협동 요소가 모바일에 적합
222117067,1,104.2,"귀여운 팰 들 과 함께, 시간 가는 줄 모르는 노동의 재미",긍정,게임플레이|콘텐츠분량|포켓몬유사성,귀여운 캐릭터 디자인|시간 가는 줄 모름|노동의 재미,모바일적합,간편한 조작으로 노동의 재미를 살림
222068703,1,55.5,⣶⣤⡀⠀⠀⠀⠀⠀⠀⠀⠀⠀⠀⠀⠀⠀⠀⠀⠀⠀⠀⠀ ⣿⣿⣿⣷⣤⡀⠀⠀⠀⠀⠀⠀⠀⠀⠀⠀⠀⠀⣀⣤⣶⣾ ⠘⢿⣿⣿⣿⣿⣦⣀⣀⣀⣄⣀⣀⣠⣀⣤⣶⣿⣿⣿⣿⣿ ⠀⠈⠻⣿⢿⣿⣿⣿⣿⣿⣿⣿⣿⣿⣿⣿⣿⣿⣿⣿⡿⠋ ⠀⠀⠀⣰⣿⣿⣿⣿⣿⣿⣿⣿⣿⣿⣿⣿⣿⣿⣟⠋⠀⠀ ⠀⠀⢠⣿⣿⡏⠆⢹⣿⣿⣿⣿⣿⣿⠒⠈⣿⣿⣿⣇⠀⠀이 게임은 ⠀⠀⣼⣿⣿⣷⣶⣿⣿⣛⣻⣿⣿⣿⣶⣾⣿⣿⣿⣿⡀⠀ 피카츄가 ⠀⠀⡁⠀⠈⣿⣿⣿⣿⢟⣛⡻⣿⣿⣿⣟⠀⠀⠈⣿⡇⠀ 높이 평가 ⠀⠀⢿⣶⣿⣿⣿⣿⣿⡻⣿⡿⣿⣿⣿⣿⣶⣶⣾⣿⣿⠀ ⠀⠀⠘⣿⣿⣿⣿⣿⣿⣿⣷⣿⣿⣿⣿⣿⣿⣿⣿⣿⣿⡆,긍정,게임플레이|그래픽|포켓몬유사성,게임의 그래픽이 뛰어남|재미있는 게임플레이|피카츄와 유사한 캐릭터,모바일적합,그래픽과 게임성이 모바일에서도 잘 구현 가능
222019775,1,100.3,안해보면 손해임,긍정,게임플레이|콘텐츠분량|창의성,재미있는 게임플레이|풍부한 콘텐츠|창의적인 요소,모바일적합,모바일에서도 즐길 수 있는 재미 요소 많음
222017613,1,166.8,원 포켓 젤다의 전설 브레스 오브 더 아크 콜 오브 크래프트 신의 이름에 걸맞는 갓겜임    갓겜들만 섞어놨으니 망겜일 수가 없음    노가다가 조금 아니 좀 많이 심하긴 한데 그것도 설정으로 바꿀 수 있게끔 업뎃해준 그저 QoL을 사랑하는 새끼들이니 걱정 ㄴㄴ하고 구매할 것,긍정,게임플레이|콘텐츠분량|창의성,갓겜 조합|QoL 업데이트|노가다 설정 가능,모바일적합,QoL 개선으로 모바일에서도 즐길 수 있음
222014260,1,223.3,정말 재밌어용 업데이트 더 많이많이 해주세요,긍정,게임플레이|콘텐츠분량|기타,재미있는 게임|업데이트 요청|플레이타임 길다,모바일적합,재미와 콘텐츠가 모바일에서도 잘 어울림
221971521,1,130.1,꿀잼! 낭만을 찾아 떠난다!!,긍정,게임플레이|콘텐츠분량|창의성,재미있는 게임플레이|풍부한 콘텐츠|창의적인 요소,모바일적합,모바일에서도 즐길 수 있는 재미 요소
221881431,1,115.3,진짜 팰월드 너무 짱이에요 ..재밋서,긍정,게임플레이|콘텐츠분량|창의성,재미있는 게임플레이|풍부한 콘텐츠|창의적인 요소,모바일적합,재미 요소가 모바일에서도 잘 구현 가능
221840752,1,32.2,베스님 고양이 보여주세요,긍정,기타,고양이 캐릭터에 대한 관심,모바일적합,귀여운 캐릭터는 모바일에서 인기
221749631,1,294.6,수면이 필요없는 분들은 다운로드하세요~!,긍정,게임플레이|콘텐츠분량|창의성,중독성 있는 게임성|풍부한 콘텐츠|창의적인 요소,모바일적합,모바일에서도 긴 플레이타임 가능
221716756,1,235.3,잠깐 해봤는데 재밌네요. 소송 꼭 이기세요~!,긍정,게임플레이|창의성,재미있는 게임성|창의적인 요소,모바일적합,간단한 조작으로 모바일에서도 즐길 수 있음
221664665,1,117.8,자기만의 목표를 정하고 맵도 둘러보면서 이것 저것 하는데 재미있네요,긍정,게임플레이|콘텐츠분량|창의성,자유로운 목표 설정|다양한 탐험 요소|창의적인 게임 방식,모바일적합,자유로운 플레이 스타일이 모바일에 적합
221569913,1,282.4,멀티로 하면 더욱 재밌음 너무 포켓몬 파쿠리인거만 좀 어떻게 해봤으면... 공장 만들어놓고 업뎃되거나 심심할때 주기적으로 하는 겜,긍정,멀티플레이|콘텐츠분량|포켓몬유사성,멀티플레이의 재미|업데이트 필요성|포켓몬 유사성 문제,모바일적합,멀티플레이와 간편한 플레이 가능
221553632,1,34.0,동심 파괴와 생존 본능이 만난 익숙한 맛들을 기가 막히게 버무린 뷔페 같은 게임,긍정,게임플레이|창의성|콘텐츠분량,동심 파괴의 재미|생존 요소의 조화|다양한 콘텐츠,모바일적합,다양한 요소가 모바일에서도 잘 작동할 것
221511105,1,143.9,자연 속에서 평화롭게 살던 팰을 납치해서 노동 지옥으로 끌고가는 밀렵꾼 게임,부정,게임플레이|스토리|포켓몬유사성,노동 지옥 설정|밀렵꾼 테마|자연과의 대립,모바일부적합,주제의 부정적 이미지가 문제
221493228,1,101.6,"처음이랑 비교했을때 크게 달라진 점은 없긴 한데, 뭔가 소소하게 여러가지가 추가돼서 좋아요.  듣기론 1.0 정식버전 2026년에 출시한다는데, 기대해도 괜찮을듯??",긍정,게임플레이|콘텐츠분량|기타,소소한 업데이트가 긍정적|정식버전 기대감|변화는 적지만 만족,모바일적합,소소한 변화는 모바일에서도 긍정적 반응 가능
221484142,1,154.9,"좋은점. 겜은 재밌음. 진짜 시간가는줄 모르고 하게됨.  아쉬운점. 곡괭이, 도끼 - 디자인이 아쉬움. 팰금속 티어에서야 색깔 바뀜                        그전까지는 똑같은 디자인인건지 차이를 못느끼겠음. 내열,내한 갑옷 - 색깔놀이 끝임. 진짜 온도에 맞게끔이라도 디자인 했음 좋겠음.                          (더운데서 털달린 옷 입고 있고, 추운데서 맨살까고 있어서 아쉬움)  총평. 게임 자체는 재밌는데 종종 아쉬운 부분이 많긴함. 그치만 앞서해보기여서 수긍이 되고, 발전하는 것 같아서 기대하면서 기다리고 있음.",긍정,게임플레이|그래픽|기타,재미있는 게임성|디자인 아쉬움|기대감,모바일에서개선가능,디자인 개선으로 몰입감 증대 가능
221400899,1,52.0,"넘재밌음 코어키퍼, 팅커랜드, 루마섬 좋아하면 추천",긍정,게임플레이|콘텐츠분량|포켓몬유사성,재미있는 게임성|다양한 콘텐츠|포켓몬과 유사한 요소,모바일적합,재미있는 요소가 모바일에서도 잘 작동할 것
221364763,1,212.0,난 스위치2가 없지. 대신 스팀은 있어.,긍정,게임플레이|콘텐츠분량,스위치2 대안으로 스팀 추천|플레이타임이 길다,모바일적합,스위치 대안으로 모바일도 가능하다.
221308318,1,46.5,그냥 ^^ㅣ발 존나 재밌음 ㅇㅇ,긍정,게임플레이|창의성,재미있는 게임플레이|창의적인 요소,모바일적합,재미 요소를 모바일에서도 잘 살릴 수 있음
221289371,1,192.8,짱짱 재미있는데 버그가 진짜 많네여,긍정,게임플레이|버그·최적화,재미있는 게임성|버그 문제,모바일에서개선가능,버그 수정 후 모바일에서도 재미있을 것
221283004,1,110.8,100시간도 안 했는데 할게 없네요. 컨텐츠 추가 좀 해주세요.,부정,콘텐츠분량|게임플레이,컨텐츠 부족 문제|재미 요소 감소,모바일에서개선가능,모바일에서 추가 컨텐츠로 개선 가능
221275807,0,129.4,일하던 팰들이 굳는 버그 때문에 못 하겠어요,부정,버그·최적화,버그로 인한 플레이 불가,모바일에서개선가능,버그 수정 후 안정성 확보 필요
221275605,1,108.5,살거야 안살거야?,중립,게임플레이|가격|콘텐츠분량,게임의 재미는 있지만|가격이 부담스러움|콘텐츠가 부족할 듯,모바일에서개선가능,모바일에서 접근성을 높일 수 있음
221255374,1,125.6,모두 일쳐하라고 습박 과로야? 죽어 중소 블랙기업 사장이 되어보는 게임,부정,게임플레이|콘텐츠분량|기타,과로와 스트레스 요소|중소기업 비유|사회적 메시지,모바일부적합,과도한 스트레스 요소는 모바일에 부적합
221238652,1,332.7,내 모든(PC/플스/스위치) 1500게임중에서 엔딩까지 본 20게임중  한게임입니다... 하는동안 너무 잼있었습니다.,긍정,게임플레이|콘텐츠분량|스토리,재미있는 게임 경험|엔딩까지의 몰입감|다양한 게임 요소,모바일적합,재미있는 요소가 모바일에서도 잘 구현 가능
221216767,1,303.5,300시간하고 정식 기다리는 중 빨리 나와라,긍정,게임플레이|콘텐츠분량|기타,오랜 플레이타임|정식 출시 기대|게임에 대한 애정,모바일적합,모바일에서도 긴 플레이타임 유지 가능
221183592,1,472.1,"이게임은 망겜임. 왜 망겜이냐면 인생이 망함. 한창 할때는 기본 새벽 3시까지 하다 잤음.  센세이션을 일으켰던 게임인만큼 게임성 하나는 보장됨.   다만 레이드 방식이 좀 억지스러워서 재미를 느끼기 어려움. 구조 자체를 개편하지 않는 이상 개선이 어렵다고 봄. 그리고 닌텐도한테 특허소오 당한 이후로 소환할떄 공던지는게 불가능해져서 선택할 수 있는 전략이 줄어듦. 게임 자체는 엄청 재밌지만, 끝까지 파면 게임의 한계도 느껴져서 아쉬움.",부정,게임플레이|콘텐츠분량|멀티플레이,재미있는 게임성|레이드 방식의 문제|전략 선택의 제한,모바일에서개선가능,레이드 방식을 개선하면 유저 만족도 증가
221173722,1,375.4,개재밌음 아크나 마크같이 같은거 반복하거나 건축하는 게임 좋아하는 정신병자면 플탐 천시간 넘게 찍을듯 정출이 기대됨  건축이 살짞 불편한거 뺴면 다 좋음,긍정,게임플레이|UI·UX|콘텐츠분량,재미있는 반복 플레이|건축 시스템 개선 필요|플탐이 길어질 가능성,모바일에서개선가능,건축 UI 개선으로 모바일 최적화 가능
221134845,1,121.3,개미친악마의게임,긍정,게임플레이|창의성,독창적인 게임 디자인|몰입감 있는 플레이,모바일적합,모바일에서도 즐길 수 있는 재미 요소
221121044,1,139.6,2년만에 2회차중인데 업데이트도 많이 돼있고 새로운 팰들도 있어서 너무 재밌게 하고있습니다!!,긍정,게임플레이|콘텐츠분량|창의성,업데이트가 많아 재밌음|새로운 팰 추가|2회차 플레이 중,모바일적합,재미 요소가 모바일에서도 잘 구현 가능
221101069,1,129.2,이 게임을 시작으로 짝퉁겜 양산화 시대가 왔구나 짝퉁으로 흥했으니 짝퉁으로 망할때다. 재미는 있지만 오래 붙들고 할만한 게임은 아니다.  게속 발전하는모습은 보기좋으나. 과도하게 발전중이다 이미 기존 시스템에 정착된 유저들이 시스템 새로 갈아버리면 결국 새시작을 해야되나 마찬가지다. 얼마나 노가다인지 해본사람은 알거다. 초반에만 좋지 중반 가는순간 결국 하는짓이 똑같고 굳이 똑같은걸해서 시간 잡아먹어봐야 의미가 있나 생각까지 들게한다. 결국 초반에만 오 개꿀잼!! 이지 결국 난중에 가면 노가다 하면서 이걸 돈줘 가면서 내가 왜 집에서도 일을하고있는가? 하고 깨닫는 순간 이게임 지워버린다.  애초에 싼게임이 맞다. 솔직히 아직 구매안한 유저들에겐 구매를 추천하지 않는다. 당신이 친구가 남아돈다면 추천한다. 친구랑 하면 어떤겜이 재미없겠는가 서로 병슨짓 한다고 낄낄낄 거리다가 시간 다가는데!!!!!,부정,게임플레이|가격|콘텐츠분량,초반 재미는 있으나 반복적|노가다 요소가 강함|친구와의 멀티가 유일한 재미,모바일부적합,반복적인 노가다 요소가 모바일에 적합하지 않음
221035302,1,90.8,할거 진짜 많음  근데 진짜 재미있고 팰이 너무 귀여움  컨텐츠가 끊이지 않는데 정식이 아니라는게 놀라움  빨리 정식 출시 기원함.,긍정,게임플레이|콘텐츠분량|포켓몬유사성,재미있는 게임플레이|풍부한 콘텐츠|귀여운 캐릭터,모바일적합,다양한 콘텐츠가 모바일에서도 매력적임
221026190,1,111.5,느므느므 재밌다,긍정,게임플레이|콘텐츠분량,재미있는 게임플레이|풍부한 콘텐츠,모바일적합,간단한 조작으로 모바일에서도 즐길 수 있음
220984452,1,3.9,어릴적 포켓몬 마스터의 꿈을 이루고 싶어 구매했습니다 포켓몬 마스터의 길은 노가다가 많은거 같네요 뭔가 꿈을 펼치기 보단 노가다를 하다가 끈 기분입니다,부정,게임플레이|콘텐츠분량|포켓몬유사성,노가다 느낌이 강함|꿈을 이루기 어려움|포켓몬과 유사한 요소,모바일에서개선가능,노가다 요소를 줄이면 흥미 증가 가능
220957558,1,91.9,매일 플레이중이지만 질리지않는 게임,긍정,게임플레이|콘텐츠분량|창의성,재미있는 게임플레이|다양한 콘텐츠|지속적인 흥미 유발,모바일적합,짧은 플레이 세션에 적합한 구조
220954366,1,205.3,50시간까지는 goat,긍정,게임플레이|콘텐츠분량|창의성,초반 재미가 뛰어남|다양한 콘텐츠 제공|창의적인 게임 요소,모바일적합,모바일에서도 초반 재미를 살릴 수 있음
220882425,1,84.8,개졿잼ㄴㅇㅁㄹㄻㄴㅇㄹ,긍정,게임플레이,재미있는 게임|플레이타임 길다|유저 반응 좋음,모바일적합,재미 요소를 모바일에서도 살릴 수 있음
220813938,1,77.0,몇 년이 지났지만 맵이며 편의성은 1도 업데이트 할 생각 없는 이 씨이발 게임  하지만 알게 모르게 가끔씩 하면 시간갈줄 모르는 이 씨이발 게임,부정,게임플레이|UI·UX|버그·최적화,업데이트 부족|편의성 문제|시간 소모,모바일부적합,편의성 문제로 모바일에서 불편할 듯
220801877,1,88.7,"시간 좀 줄일려고, 경험치랑 드랍만 3배하고 했는데 확실히 잼있네요~~",긍정,게임플레이|콘텐츠분량|창의성,경험치와 드랍 증가|재미있는 게임성|시간 절약 가능,모바일적합,빠른 플레이와 간편한 조작 가능
220762268,1,364.6,입학때 사고 졸업이 다가오는 지금도 끊임없이 계속 하고 있습니다 친구들이나 혼자 해도 진짜 재밌음,긍정,게임플레이|멀티플레이|콘텐츠분량,재미있는 멀티플레이|혼자서도 즐길 수 있음|오랜 플레이타임,모바일적합,친구와 함께 즐기기 좋은 게임성
220754701,1,126.6,내 시간을 돌려줘,부정,버그·최적화|게임플레이,게임의 버그 문제|플레이 경험 불만,모바일부적합,버그와 최적화 문제로 모바일에서 어려움.
220747148,1,11.6,처음엔 재밌는데 갈수록 지겨움,부정,게임플레이|콘텐츠분량|창의성,초반 재미는 있으나|후반 지루함 발생|콘텐츠 부족 느낌,모바일에서개선가능,지루함을 줄이는 콘텐츠 추가 필요
220733046,1,261.6,진짜 재밌는데 사람을 더끌어모을려면 할인을 해야한다고 생각합니다,긍정,게임플레이|가격|콘텐츠분량,재미있는 게임성|할인 필요성|콘텐츠 풍부,모바일적합,재미 요소를 모바일에서도 유지 가능
220730353,1,56.6,whssk 재밌음,긍정,게임플레이,재미있는 게임|플레이타임 길다,모바일적합,간단한 조작으로 모바일에서도 즐길 수 있음
220714400,1,414.0,시간 가는 줄 몰라요,긍정,게임플레이|콘텐츠분량|창의성,몰입감 높은 게임|다양한 콘텐츠 제공|창의적인 요소 많음,모바일적합,짧은 시간에도 즐길 수 있어 적합함
220692281,1,49.6,잼는데 허전해..,긍정,게임플레이|콘텐츠분량,재미있지만 부족함|더 많은 콘텐츠 필요,모바일에서개선가능,모바일에서 콘텐츠 확장 가능
220660944,1,21.8,친구들과 하기 좋습니다,긍정,멀티플레이|게임플레이,친구들과의 협동 플레이|재미있는 게임성,모바일적합,친구들과의 소셜 요소가 강함
220651493,1,113.8,음 다떄려잡고 나니 할게 읍넹,부정,게임플레이|콘텐츠분량,할 게 없다는 느낌|게임 반복성 문제,모바일부적합,콘텐츠 부족으로 흥미 유지 어려움
220648576,1,76.3,"너무 좋아요 재밌어요.,.",긍정,게임플레이|콘텐츠분량,재미있는 게임|플레이타임 길다,모바일적합,간단한 조작으로 모바일에서도 즐길 수 있음
220619320,1,221.1,시간가는줄 몰릅니다,긍정,게임플레이|콘텐츠분량|창의성,시간 가는 줄 모름|재미있는 게임플레이|다양한 콘텐츠,모바일적합,몰입감 있는 게임은 모바일에서도 강점
220571685,1,130.0,2년 만에 다시 하는데 이젠 그냥 갓겜이 되어버림; 분명 그 때는 유사 게임이라 30시간 하고 찍 쌌는데 이제는 최적화도 훌륭하고 건설 편의성도 엄청 발전했고 게임이 그냥 2년 동안 환골탈태함 먹어도 먹어도 끝도 없는 콘텐츠는 말할 것도 없음  게임 계의 크리스티아누 호날두 르브론 제임스 GOAT,긍정,버그·최적화|콘텐츠분량|게임플레이,최적화가 훌륭함|콘텐츠가 풍부함|게임이 발전함,모바일적합,모바일에서도 최적화와 콘텐츠가 중요함
220509139,1,25.0,괘씸하지만 인정할 수밖에 없는 엄청난 재미,긍정,게임플레이|창의성,엄청난 재미|창의적인 요소|독특한 게임성,모바일적합,재미 요소를 모바일에서도 잘 살릴 수 있음
220502567,1,90.8,느그들 이름은 이제부터 춘식이여,긍정,게임플레이|창의성,유머러스한 요소|창의적인 캐릭터 디자인,모바일적합,유머와 창의성이 모바일에 잘 어울림
220489938,1,68.4,이거 생각 없이 하면 재미있음,긍정,게임플레이|콘텐츠분량,재미있는 게임플레이|생각 없이 즐길 수 있음,모바일적합,간단한 조작으로 모바일에서도 즐길 수 있음
219332381,0,49.1,자꾸 동기화가 안돼서 게임데이터가 날아갑니다,부정,버그·최적화|UI·UX,데이터 동기화 문제|게임 데이터 손실,모바일에서개선가능,동기화 문제 해결 시 모바일 적합
219270010,0,122.8,지도UI 일일이 봐야하는 불편함 그냥 망치질해서 자원 차감을 하지 귀찮게 수리키트 만들어서 고치는거 너무 불편함 번식 트리 오히려 많아서 접근하기 복잡하다 팰 관리 UI 진짜 최악입니다. 집안 팰이 건축물 다 부숴요;; 질려서 이제 그만합니다.,부정,UI·UX|게임플레이|기타,불편한 UI|복잡한 시스템|자원 관리 어려움,모바일에서개선가능,UI 개선으로 접근성을 높일 수 있음
219267103,0,245.8,존~~~~나 팅김,부정,버그·최적화|게임플레이,게임이 자주 팅김|플레이에 큰 지장,모바일부적합,버그와 최적화 문제로 모바일에서 불편할 것
219036134,0,67.2,wlsWk tlfgek,부정,버그·최적화|게임플레이,게임 최적화 문제|플레이 경험 저하,모바일부적합,버그와 최적화 문제로 모바일에서 어려움.
218896471,0,1.8,노가다 너무 심함,부정,게임플레이|콘텐츠분량,노가다 요소가 과도함|게임 진행이 지루함,모바일에서개선가능,노가다 요소를 간소화하면 개선 가능
218548304,0,52.1,이게임은 완전 분노유발게임 입니다 개고생해서 만렙 찍고 열심히 했는데 데이터가 다 날아가요  데이터 유지할려고 USB도 구매해서 가지고 다녔는데 파일이 아예 적용이 안되네요......  구매한거 후회중입니다,부정,버그·최적화|게임플레이,데이터 손실 문제|게임의 스트레스 유발,모바일부적합,데이터 안정성 문제로 모바일 이식 어려움
218119181,0,219.5,"툭하면 세이브 데이터 없어짐,,,쓰글",부정,버그·최적화,세이브 데이터 손실|게임 안정성 문제,모바일에서개선가능,세이브 시스템 개선 필요
217848626,0,276.4,게임의 월드맵에 따른 성장 곡선이 너무 엉망이다. 노가다로 컨텐츠를 모두 때우려고 해서 플레이어 자신의 모험과는 거리가 멀다. 무기 밸런스가 안맞아서 특정 무기들만 선호된다.  게임 설정에서 바꿀 수 있게 하면 안되는 부분들이 있는데 ( 예시 : 거점당 팰 50마리까지 증가 ) 이런걸 건드리게 함으로써 게임 수명을 깍아먹고 그런 설정을 사용하는 사람과 안하는 사람의 괴리감이 생겨서 커뮤니티에서 소통의 부재가 생긴다. 정해진 난이도라는 것은 게임에서 굉장히 중요한 부분이다. 포켓페어가 얼마나 아마추어 개발사인지 알 수 있었다.,부정,게임플레이|콘텐츠분량|기타,성장 곡선 문제|무기 밸런스 불균형|커뮤니티 소통 부족,모바일부적합,복잡한 시스템이 모바일에 적합하지 않음
217833108,0,434.5,정말 재밌어요 근데 게임이 안들어가져요,부정,버그·최적화|게임플레이,게임이 안들어가져요|재미있지만 문제있음,모바일에서개선가능,버그 수정으로 접근성 향상 가능
217614059,0,217.9,영양가없는 도전에 보상을 부여해 억지로 끝없이 재밌게 만드는 시간삭제 특화 게임  쓰레기같은 게임 뇌에서 꺼지지를 않네  잘때도 얀데리나꿈 일할때도 루나리스생각 숨쉴때도 플루미생각 서있을때고 흘루미생각  돌겠어,부정,게임플레이|콘텐츠분량|창의성,시간 소모가 심함|도전 과제가 억지스러움|캐릭터에 대한 집착,모바일부적합,게임의 반복성과 시간 소모가 문제
217482979,0,44.2,ㅈ버그 ㅈㄴ많음 좀 고치셈,부정,버그·최적화,버그가 많음|게임 플레이에 영향|수정 필요,모바일에서개선가능,버그 수정 후 모바일 최적화 가능
217005656,0,79.4,중독성이 너무 해요 하지마세요 시간믹서기에요 미치겠어요,부정,게임플레이|중독성|기타,중독성이 강함|시간 소모가 심함,모바일부적합,중독성으로 인해 플레이 시간 증가 우려
216826920,0,205.9,보스 숨겨두는거 너무 화난다.,부정,게임플레이|버그·최적화,보스 숨김 요소 불만|게임 진행 방해,모바일에서개선가능,보스 숨김 요소 조정 필요
216743625,0,94.1,재밌어서 혼자하고 싶음,긍정,게임플레이|콘텐츠분량,혼자서 즐길 수 있는 재미|다양한 콘텐츠 제공,모바일적합,혼자 플레이에 적합한 구조로 모바일화 가능
216547540,0,105.6,정말 너무 재미없어서 놀람,부정,게임플레이|콘텐츠분량,재미없음|플레이타임 길지만 실망,모바일부적합,게임의 재미 요소가 부족함
216524370,0,46.1,"요즘 다른 사람들이랑 겨루는 게임에 지쳐서 힐링하려고 깔았었음 공략 안 보고 해매더라도 좀 자유롭게 해보자 라는 생각에서 시작했었는데 딱 어떤 시점에서 공략없이는 진행이 안되는 문제가 생김 초반엔 공략 필요없이 쭉쭉 업그레이드 되고 새로운 팰, 장비 업글하는 맛이 있는데 본 적 없는 광물의 등장이 내 발목을 잡음 첫 문제는 석탄이였음 석탄이 일반 돌들과 생긴게 확실한 차이가 느껴지지 않았음 그래서 내가 이미 뚫었던 곳이였음에도 난 그것이 석탄인지 모르고 캘 생각조차 하지 않았음 유황처럼 기존의 돌과 아예 다른 모습이라면 당연히 새로운 광물이라 생각하고 캐봤겠지만 석탄은 그 존재를 알고 나서도 이게 돌과 큰 차이가 있나? 라는 생각이 들었었음 결국 공략 안 보고 힐링하려던 마음을 잠시 접어두고 석탄은 결국 공략을 보고 찾아냄 근데 또 다른 문제는 석영이였음 석영은 지금까지 아예 본 적이 없는 무언가였는데 다음 업그레이드를 위해선 석영이 무조건적으로 필요했음 이 시점에 본인은 석탄을 몸",부정,게임플레이|콘텐츠분량|UI·UX,공략 없이는 진행 어려움|광물 인식 문제|탐험 피로감,모바일부적합,공략 의존도가 높아 모바일에 적합하지 않음
216057345,0,58.5,월간 서버인지 모르고 내 시간 쓰면서 게임 하다가 서버 갑자기 초기화 되갖고 걍 접을거임;;,부정,멀티플레이|버그·최적화,서버 초기화 문제|시간 낭비|게임 중단,모바일부적합,서버 안정성 문제로 모바일 이식 어려움
215818805,0,258.6,버그망겜  ㅈㅈ,부정,버그·최적화,버그가 많음|게임이 불안정함,모바일부적합,버그 문제 해결이 우선 필요함
215626160,0,5.8,게임 보릉내 ㅈㄴ나요 게노잼게임 하지마세요,부정,게임플레이|콘텐츠분량|버그·최적화,게임이 재미없음|플레이 경험 불만족|버그 문제 발생,모바일부적합,게임의 전반적인 재미 부족으로 부적합
215579442,0,52.0,동기화가 잘 안돼서 초기화 몇 번 당함... ㅅㅂ,부정,버그·최적화|멀티플레이,동기화 문제|초기화 경험,모바일부적합,동기화 문제는 모바일에서 더 심각할 수 있음
215537355,0,20.3,아~~~주 잠~~깐 해봤는데 너무 어려워요  쉬움으로 하는 거 추천 드려요,부정,게임플레이|UI·UX|기타,게임 난이도 너무 높음|쉬운 모드 추천|초보자에게 불친절,모바일에서개선가능,난이도 조절로 접근성 향상 가능
215399434,0,123.6,노가다 하면서 힐링 되기는 하는데 너무 내용이 방대하고 팰합성시스템이 너무 빡심,긍정,게임플레이|콘텐츠분량|포켓몬유사성,힐링 요소가 좋음|방대한 콘텐츠|합성 시스템 복잡,모바일에서개선가능,복잡한 시스템을 간소화하면 좋음
215234037,0,159.7,싯팔 동기화 힘들어요,부정,멀티플레이|버그·최적화,동기화 문제 발생|멀티플레이 불편,모바일에서개선가능,동기화 문제 해결 시 개선 가능
215034152,0,88.7,교배시스템과 농축시스템은 왜 만들어서 플레이타임만 주구장창 늘리는건지  끝이없음 끝이 멀티로진행을해도 레이드 보스로 가는 그 문턱이 너무 토악질이 나옴  이 게임에 꼴아박을 시간있으면 다른게임 하는거 추천,부정,게임플레이|콘텐츠분량|멀티플레이,교배시스템의 불필요함|플레이타임의 과도함|레이드 보스의 난이도,모바일부적합,복잡한 시스템이 모바일에 적합하지 않음
214800206,0,6.4,disgusting 🤮,부정,게임플레이|버그·최적화,게임플레이 불만족|버그 문제 발생,모바일부적합,부정적인 경험이 모바일에서도 지속될 가능성
214631124,0,105.6,서버 관리좀 똑바로 해라,부정,멀티플레이|버그·최적화,서버 안정성 문제|멀티플레이 불만,모바일에서개선가능,서버 관리 개선 시 모바일 가능성 높음
214424696,0,124.3,크래시가 ㅈㄴ 뜨는데 어케고치는지 모르겠음,부정,버그·최적화,크래시 문제 심각|해결 방법 불명,모바일부적합,버그 문제 해결이 우선 필요
214124669,0,44.7,멀티 플래이가 안됨 어제 멀티 플래이했었는데 지금은 안됌,부정,멀티플레이|버그·최적화,멀티플레이 불안정|게임 플레이 중단,모바일에서개선가능,멀티플레이 기능 강화 필요
214123365,0,426.9,운영자가 개 시발 병신들임 그냥 왜 사나 싶고 하루라도 빨리 세상 하직 안하나 싶을만큼 운영을 ㅈ같이 함 겜 하지 마세요 시간 낭비임,부정,운영|버그·최적화|기타,운영 문제 심각|시간 낭비|게임 품질 저하,모바일부적합,운영 문제 해결이 우선 필요
214121304,0,307.1,잘하고 있는데 ㅗ애 갑자기 멀티 플래이가 안되지는지 궁금합니다. EOS 로그인 타임 아웃이라고 하면서 멀티 플레이가 되지 않습니다,부정,멀티플레이|버그·최적화,멀티플레이 불안정|로그인 문제 발생,모바일에서개선가능,멀티플레이 안정성 개선 필요
214115688,0,240.9,치명적인 버그가 있네요. 게임 플레이를 방해합니다. 몇 시간을 날렸어요.,부정,버그·최적화,치명적인 버그 존재|게임 플레이 방해|시간 낭비,모바일부적합,버그 문제 해결이 우선 필요
213411064,0,32.1,모드 적용 방법도 ㅈㄴ 어렵고 그냥  불친절함 게임이,부정,UI·UX|게임플레이,모드 적용 방법 어려움|게임 불친절함,모바일부적합,복잡한 UI는 모바일에서 불편할 수 있음
213047588,0,22.3,그냥 그럼 지루함,부정,게임플레이|콘텐츠분량,지루한 게임플레이|콘텐츠 부족,모바일부적합,지루함이 모바일에서도 지속될 것
212929453,0,26.7,게임 재밌는데 버그좀 고쳐라 캐릭은 툭하면 낑기기 일쑤고 개같은 배치 버그 때문에 꼴받아서 접음 ㅅㄱ,부정,버그·최적화|게임플레이,버그 문제로 게임 중단|캐릭터 배치 불편,모바일에서개선가능,버그 수정 시 모바일에서도 가능성 높음
212088719,0,6.7,제대로 먹은건 아닌데 진짜 금방 물림.  10시간 기준으로 재미 없다고 하면 거짓말이지만 그 이상은 힘들 것 같다.,부정,게임플레이|콘텐츠분량|버그·최적화,초반 재미는 있지만 금방 질림|10시간 이상 플레이 힘듦|재미 요소 부족,모바일부적합,짧은 플레이 타임과 반복성 문제
211866318,0,753.8,tl@@@발 모드 적용하려고 유튜브 gpt 다 뒤졌더만 대가리 꺠지겠네 시@@@qkf,부정,버그·최적화|게임플레이,모드 적용 어려움|유튜브 정보 부족,모바일부적합,복잡한 모드 적용은 모바일에서 힘듦
211606594,0,1.8,50렙한테모든게박살나고 환불함,부정,게임플레이|버그·최적화,레벨 밸런스 문제|게임 난이도 과도함,모바일부적합,높은 난이도가 모바일에 적합하지 않음
209854944,0,35.0,게임성과 재미는 상당하지만 노동성이 요구되고 팰들이 심각하게 멍청함. 어디 낑기고 주인은 쳐맞고 있는데 팰은 공격은 안하고 구경만하는 현상을 너무 많이봤고 억까로 리트하는 현상을 너무 겪었다보니 답답함.,부정,게임플레이|버그·최적화|AI,재미는 있지만 노동성 높음|AI 행동 문제 심각|억까 리트 현상 빈번,모바일에서개선가능,AI 개선으로 사용자 경험 향상 가능
209203508,0,71.0,업데이트하고 게임 초기화 됐다,부정,버그·최적화|게임플레이,업데이트 후 초기화 문제|게임 진행 불가능,모바일부적합,초기화 문제는 모바일에서도 발생할 수 있음
209028068,0,100.6,"초반에 사놓고 버그들이 난무해도 사람들이 재밌어하는 핵심들을 잘 잡았다고 생각해서 나름 기대하고 기다렸음.   안 하다가 최근에 다시 해봤는데 낚시, 던전 추가 같은 사람들한테 관심 끌만한 부가적인 요소들만 잔뜩 추가해놓고 정작 게임 진행에 지장이 있을만할 정도의 버그들은 아직 손도 안 댔음.   적들이나 내 포켓몬이 싸우다가 백스텝 밟고 벽 속으로 사라지는 버그, 던전에서 죽어갖고 아이템 떨궜는데 아예 던전 구조가 바껴서 허공에 뜬 템 먹는다고 몇십번씩 죽고 부활하고 이동하고 하다가 짜증나서 삭제함",부정,버그·최적화|게임플레이|콘텐츠분량,버그 문제 해결 미흡|부가 콘텐츠 추가|게임 진행 방해,모바일부적합,버그가 많아 모바일 환경에서 불편할 것
208981460,0,1302.1,최악의 멀티 플레이 경험 공식서버에서 밴당했는데 이유도 모르고 수차례 메일을 보내도 답없음 1300시간 태웠는데 게임 삭제해릴 정도로 열받음 욕을 안할 수가 없는 좇본새끼들의 정치질과 노답 서버관리에 침뱉음 캬아아 퉷 이 게임사는 두번 다시 안한다,부정,멀티플레이|버그·최적화|기타,최악의 멀티 플레이 경험|서버 관리 문제|고객 지원 부재,모바일부적합,서버 문제와 멀티플레이 불만이 심각함
208848066,0,288.4,친구랑 게임하는데 타임아웃 때문에 5분튕깁니다 빠르게 패치좀 해주세요 그럼 다시 예로 바꿀께요,부정,멀티플레이|버그·최적화,타임아웃 문제|빠른 패치 요청,모바일에서개선가능,멀티플레이 안정성 개선 필요
208627019,0,100.2,포켓몬 저작권 어겼으면서 닌텐도한테 빌붙으려고하는 천하의 쓰레기 게임,부정,포켓몬유사성|게임플레이|기타,저작권 문제 지적|게임 품질 불만|닌텐도 의존성,모바일부적합,저작권 문제로 인한 부정적 인식
208067434,0,11.6,절대 핑크뇽 야짤을 검색 하지마,부정,기타,부정적인 검색어 언급,모바일부적합,유머가 모바일 환경에 적합하지 않음
207976918,0,2.1,난 오픈월드가 안 맞나봐.................  뭘 해야할지를 모르겠어......................ㅠㅠ,부정,게임플레이|UI·UX,오픈월드 탐색의 어려움|목표 설정 부족,모바일에서개선가능,UI 개선으로 목표 설정을 명확히 할 수 있음
207530528,0,35.1,포켓몬스터 하겠습니다,긍정,포켓몬유사성|게임플레이,포켓몬 느낌의 게임|재미있는 게임플레이,모바일적합,포켓몬 스타일은 모바일에서 인기
207468704,0,41.3,아니 친구랑 할려고 샀는데 그 빠른이동을 못함 그 기둥같은것도 해제하고 뭔 짓을 다해도 지도에 있는거 클릭해서 빠른이동을 눌러야 하는데 빠른이동 자체가 안뜸 진짜 너무 화가나고 손이 덜덜 떨리네 버그임 아니면 그냥 내가 못하는거임?,부정,버그·최적화|멀티플레이,빠른 이동 기능 문제|버그로 인한 불만|친구와의 플레이 어려움,모바일에서개선가능,버그 수정 및 UI 개선 필요
207404614,0,138.2,시발 놈들이 최종테크 검을 트럼프 마냥 빔소드까지 만들엇더니 개시발 정면을 공격못하고 좆같이 발도자세로 떄리는거 한개만 넣어놧는데 시발 주변 스플래쉬 데미지가 있는것도 아니고 좆같이 만들어놨어 좆같은 새끼들 시발 만들려면 통일을 하던가 마지막 검만 좆같이 햇네 시발 애미 총맞아 뒤지렴,부정,게임플레이|버그·최적화|콘텐츠분량,전투 시스템 불만|스플래쉬 데미지 부족|최종 테크 불만,모바일부적합,복잡한 전투 시스템은 모바일에 부적합
207295702,0,11.4,"나는 이렇게 건설, 만들기 게임이 안맞는 것 같다. 사람들은 마인크래프트 같은 게임들을 신나서 하는데... 나는 왜케 귀찮을까.  무엇 하나 만들려면 여기저기서 한개씩 수집을 개수까지 맞춰서 해야하고 또 상점에 맡기면 만들어 주는게 아니라 직접 만들어야 하는.... 아 귀찮다.  이 게임 그냥 포켓몬 모으는 건 줄 알고 샀는데.. 실상은 그냥 노가다 잡부 게임 ㅠㅠ  진짜 나랑 안맞다.  나무 모아서 불 태우고  불에 고기 굽고...  몬스터 모아서 일 시키고... 퇴근하고 이 게임하니까 또 일하는 것 같아서 몇시간 안하고 접음..   근데 이게 피할 수가 없는게.. 이 다음 게임으로 또 압도적으로 긍정적인 게임 받았는데 이것도 노가다 시키네... 요즘 마인크래프트 그런거 하는 세대가 점점 성인이 돼서 그런지  전부 그런 게임이다 ㅠㅠ  우울해진다.",부정,게임플레이|콘텐츠분량|포켓몬유사성,노가다 요소가 과도함|게임이 귀찮게 느껴짐|포켓몬 요소 부족,모바일부적합,복잡한 조작과 수집이 불편할 것
207008893,0,7.4,ㅈ같은게임 하지마세요,부정,게임플레이|버그·최적화|콘텐츠분량,게임이 재미없음|버그가 많음|콘텐츠 부족,모바일부적합,부정적인 리뷰가 많아 위험함
206655366,0,44.2,재미가있긴한데...,중립,게임플레이|그래픽,재미 요소가 존재|그래픽 수준 양호,모바일에서개선가능,재미를 살리기 위한 최적화 필요
206447706,0,9.1,씨발 좆같은거 꺼져그냥,부정,게임플레이|버그·최적화,불만족스러운 게임성|버그 문제 발생,모바일부적합,부정적인 경험이 모바일로 이어질 수 있음
206415559,0,61.4,게임을 플레이하는데 진행을 할수 없을 정도로 많이 낌,부정,버그·최적화|게임플레이,진행 불가 문제|버그로 인한 불만,모바일부적합,버그와 최적화 문제로 플레이 어려움
205920997,0,111.1,오토 세이브좀 만들어주세요 동기화가 되도 않는데 왜 있을까요?,부정,버그·최적화|UI·UX,오토 세이브 기능 필요|동기화 문제 지적,모바일에서개선가능,오토 세이브 기능 추가로 개선 가능
204443556,0,163.5,제발 좀 물약좀 바꾸라고 만드는것조차 버섯수급이 안되서 힘든데 물약 처먹어도 체력 엄청 천천히 차는데 레이드에서 레이저 한대만 스쳐도 피가 반깍되는데 회복약먹어도 느려서 개 짜증나네  그리고  팰 상자나 도감도 검색기능 넣어서 찾게해줘야지 답답하네,부정,게임플레이|UI·UX|콘텐츠분량,물약 회복 속도 불만|버섯 수급 어려움|검색 기능 필요,모바일에서개선가능,UI 개선과 자원 수급 조정 필요
204407567,0,45.0,맨날 튕겨요 그지 같은 게임,부정,버그·최적화,게임 튕김 문제|불안정한 플레이,모바일부적합,버그가 많아 모바일에서도 문제 발생 가능
203941982,0,6.8,this is a mix of genshin and zelda. fortnite is alot more fun then this play fortnite. and this game is too hard. I dont get why people waste there mony on this. I would rather play fortnite 0/10,부정,게임플레이|가격|콘텐츠분량,게임이 너무 어렵다|포트나이트가 더 재미있다|돈 낭비라고 생각한다,모바일부적합,어려운 게임 난이도가 모바일에 부적합
203890753,0,53.8,게임하다가 컴퓨터가 자꾸 꺼짐 버그좀 고쳐줬으면 좋겠음,부정,버그·최적화,컴퓨터 꺼짐 버그|버그 수정 필요,모바일에서개선가능,버그 수정 후 안정성 확보 필요
203796241,0,237.3,아니 갑자기 하는데 튕김 3시간동안 노가다 했는데 다 날아감;;;;;;;;;;;;;;;;;;;;;;;;;;;;;;;;;;;;;;;;;;;;;;; 다시 돌려줄 수 있으면 돌려주면 좋겠음 그래도 재미있긴 함,부정,버그·최적화|게임플레이,튕김 문제 심각|노가다 데이터 손실,모바일에서개선가능,버그 수정 및 안정성 향상이 필요
203657348,0,8.4,도저히 못하겠음. 내 스타일 아님.,부정,게임플레이|UI·UX,개인 취향에 맞지 않음|조작이 불편함,모바일부적합,조작 방식이 모바일에 적합하지 않음
203176166,0,10.5,게임이 너무 포켓몬 짭느낌남 비추,부정,포켓몬유사성|게임플레이,포켓몬과 유사한 느낌|게임 플레이 불만,모바일부적합,포켓몬 유사성으로 차별성 부족
202977049,0,38.3,저장한거 다 사라짐,부정,버그·최적화,저장 데이터 삭제 문제,모바일부적합,저장 문제는 모바일에서 심각할 수 있음
202529758,0,98.0,eos login time out ??,부정,버그·최적화,로그인 문제 발생|게임 플레이 중단,모바일에서개선가능,로그인 안정성 개선 필요
202384535,0,110.7,자 팰월드 팰들 많은거 좋아 중복? 상관 없어 그냥 포X몬 짭 겜이니까 근데.. 너무 파워 인플레가 심함. 솔직히 50렙부터는 웬만해선 전설 스피어 위에 단계를 써야하는게 정석인 느낌. 근데 그것도 운 안좋으면 80%에서 개같이 실패함. 아니 스피어의 포획력이 내가 봤을때 그냥 수치일뿐 아무런 영향은 없는거 같음. 그냥 무조건 인피니티 스피어가 답인듯. 만약 또 다른 스피어로 블랙홀 스피어 이런거 나오면 인피니티 스피어는 또 그냥 그저 그런 버려질 스피어 될게 보이니까 게임이 확률 뽑기 게임이 되버리는 느낌. 무기도 마찬가지. 아무리 레벨업해서 기술 뚫어도 어차피 설계도 개같이 파밍해서 써야하니까 아무 의미 없어버림 무기쪽 기술 뚫는게 의미가 거의 없는 수준 그냥 던전이나 동굴에서 설계도만 무작정 파밍해서 업그레이드 시키는게 나은 파워 인플레 매커니즘. 그리고 헥소라이트 만들 떄 필요한 크라마이트 5개도 ㅈㄴ 힘들게 찾아가면서 파밍해도 고작 나오는게 헥소라이트 1개? 내가 아크 서바,부정,게임플레이|콘텐츠분량|포켓몬유사성,파워 인플레 문제|노가다 요소 과다|반복 노동 느낌,모바일부적합,복잡한 파밍과 반복적 요소가 문제
202322563,0,114.0,재밌을거 같으면서 재미도 없고 컨텐츠도 생각보다 짧고 모드 설치 하고 해도 모드 설치 가 약간 복잡하고 참 애매한 게임,부정,게임플레이|콘텐츠분량|UI·UX,재미 부족|짧은 콘텐츠|복잡한 모드 설치,모바일부적합,게임의 복잡성과 콘텐츠 부족 문제
202174511,0,16.8,날 버린 누테켠 저주한다.,부정,스토리|게임플레이,스토리에 대한 불만|게임플레이에 대한 실망,모바일부적합,부정적인 스토리 요소가 문제
202044477,0,107.5,"오류 개많음. 수정 안하나요? , 질풍수리 전부다 끼고도 인식도 안돼고, 조이 잘잡고 있는데 주위 몬스터가 걍 죽여 버리고 진짜 게임 개 하기 싫네",부정,버그·최적화|게임플레이,오류가 많음|게임 진행 불편|몬스터 AI 문제,모바일에서개선가능,버그 수정 및 최적화 필요
202036936,0,11.9,초반을 제외하면 그다지 재미없다. 비추천,부정,게임플레이|콘텐츠분량,초반 재미는 있으나|후반부 지루함|비추천,모바일부적합,후반부 콘텐츠 부족으로 흥미 저하
201883270,0,266.4,사람이 못살아요,부정,게임플레이|버그·최적화,게임 밸런스 문제|생존 요소 부족,모바일부적합,생존 요소가 부족해 모바일에 적합하지 않음
201863115,0,3.2,길게 얘기할거 없고 그냥 재미가 없습니다,부정,게임플레이,재미 부족|단조로운 경험,모바일부적합,기본적인 재미 요소가 결여됨
201421635,0,6.0,5명 게임하기 어려움,부정,멀티플레이,5명 게임하기 어려움,모바일부적합,멀티플레이의 복잡성이 문제임
201353268,0,102.2,버그 망겜 이렇게 버그가 많은데 얼리엑세스랍시고 출시한 게 개그임. 버그때문에 70시간 키운거 다 날아감ㅋㅋ,부정,버그·최적화,버그 문제 심각|플레이타임 손실|얼리엑세스 불만,모바일부적합,버그가 많아 모바일에서도 문제 발생 가능
201344115,0,11.2,Only reason why this game is so highly rated is due to pokemon flop,부정,포켓몬유사성|게임플레이,포켓몬과의 유사성 지적|게임성 부족,모바일부적합,기존 게임성과 유사성 문제로 부적합
201069432,0,346.9,"2024년 선 보인 얼리 게임. 이 게임은 PC 게임인데 조작은 아날로그다.  일본 사람들이 아날로그를 좋아한다던데 그러한 성향이 게임에도 미치었나 보다.    일본 게임을 하다가 보면 손가락 부러진다.  뭐를 좀 하려고 하면 마우스 광클릭을 해야하게 만들어 놓았다. 단지, 이 게임만이 아닌 일본에서 나오는 대부분의 게임들이 다 이런 식이다.    지금은 1980년대가 아니다. 벌써 2025년도 절반이 지나갔다.  시대에 맞는 유저 편의성을 갖추고 게임을 출시하길 바란다.",부정,UI·UX|게임플레이,조작 방식 불만|유저 편의성 부족,모바일에서개선가능,터치 조작에 맞춘 UI 개선 필요
201050222,0,71.5,겜 개같이 만들었네 버그가 너무 많아서 겜 진행이 안됨,부정,버그·최적화,버그로 인한 진행 불가|게임 품질 저하,모바일부적합,버그 문제 해결이 우선 필요
201041433,0,361.4,정말 컨텐츠도 많고 친구들과 하니까 재밌어용^^7,긍정,멀티플레이|콘텐츠분량|게임플레이,재미있는 멀티플레이|풍부한 콘텐츠|친구와의 협동,모바일적합,친구와 함께 즐길 수 있는 요소가 많음
200168401,0,304.6,사람이 갈려요 . 살려주쇼 .,부정,버그·최적화|게임플레이,버그로 인한 플레이 불편|게임 진행의 어려움,모바일에서개선가능,버그 수정과 최적화로 개선 가능
200015455,0,125.6,팰 관련 플레이버 텍스트가 불쾌하기 짝이 없음.,부정,콘텐츠분량|기타,불쾌한 텍스트|플레이버 부족,모바일에서개선가능,텍스트 개선으로 유저 경험 향상 가능
199706111,0,11.5,노잼 단순 노동 재밌을 줄 알고 삿는데 별로 노잼,부정,게임플레이|콘텐츠분량|창의성,단순 노동 반복|재미 부족|기대 이하,모바일부적합,단순 반복 요소가 모바일에 적합하지 않음
